Date,MaxTempF,MeanTempF,MinTempF
1949-01-01,32,29,26
1949-01-02,36,33,30
1949-01-03,39,34,28
1949-01-04,42,34,27
1949-01-05,50,44,37
1949-01-06,50,44,37
1949-01-07,48,42,36
1949-01-08,57,46,35
1949-01-09,52,46,39
1949-01-10,43,41,39
1949-01-11,41,37,32
1949-01-12,37,34,30
1949-01-13,43,40,36
1949-01-14,44,37,30
1949-01-15,35,28,21
1949-01-16,48,42,36
1949-01-17,54,48,42
1949-01-18,46,40,35
1949-01-19,55,49,43
1949-01-20,41,36,30
1949-01-21,46,36,28
1949-01-22,50,42,34
1949-01-23,41,34,28
1949-01-24,45,40,36
1949-01-25,48,40,32
1949-01-26,37,34,32
1949-01-27,34,32,30
1949-01-28,52,43,34
1949-01-29,46,38,30
1949-01-30,28,24,19
1949-01-31,39,32,26
1950-01-01,41,36,32
1950-01-02,48,42,37
1950-01-03,51,48,45
1950-01-04,61,54,48
1950-01-05,61,54,48
1950-01-06,54,50,46
1950-01-07,46,38,30
1950-01-08,30,24,17
1950-01-09,39,32,25
1950-01-10,51,44,39
1950-01-11,54,41,28
1950-01-12,34,30,26
1950-01-13,52,44,35
1950-01-14,60,52,41
1950-01-15,46,38,30
1950-01-16,52,46,36
1950-01-17,39,34,30
1950-01-18,46,40,33
1950-01-19,32,28,24
1950-01-20,30,26,21
1950-01-21,37,29,21
1950-01-22,48,40,33
1950-01-23,51,46,39
1950-01-24,48,45,42
1950-01-25,42,39,36
1950-01-26,68,54,39
1950-01-27,59,44,28
1950-01-28,44,34,24
1950-01-29,50,47,44
1950-01-30,52,43,34
1950-01-31,36,34,32
1951-01-01,37,32,27
1951-01-02,43,36,28
1951-01-03,48,44,39
1951-01-04,53,46,39
1951-01-05,42,37,32
1951-01-06,46,38,30
1951-01-07,44,38,30
1951-01-08,28,24,21
1951-01-09,32,26,19
1951-01-10,42,34,26
1951-01-11,42,37,32
1951-01-12,42,38,33
1951-01-13,39,34,30
1951-01-14,42,34,25
1951-01-15,51,44,36
1951-01-16,39,36,30
1951-01-17,48,38,28
1951-01-18,50,44,37
1951-01-19,57,47,37
1951-01-20,53,46,39
1951-01-21,53,40,25
1951-01-22,28,24,19
1951-01-23,48,34,21
1951-01-24,50,44,37
1951-01-25,41,37,33
1951-01-26,35,32,28
1951-01-27,33,29,25
1951-01-28,35,30,26
1951-01-29,37,32,28
1951-01-30,28,22,17
1951-01-31,32,22,14
1952-01-01,48,46,44
1952-01-02,48,44,39
1952-01-03,39,36,33
1952-01-04,35,32,28
1952-01-05,44,38,33
1952-01-06,35,32,30
1952-01-07,30,26,21
1952-01-08,36,28,19
1952-01-09,43,36,28
1952-01-10,39,36,30
1952-01-11,37,31,25
1952-01-12,45,36,28
1952-01-13,43,38,34
1952-01-14,48,44,39
1952-01-15,46,44,41
1952-01-16,46,40,35
1952-01-17,45,36,28
1952-01-18,48,42,37
1952-01-19,39,34,30
1952-01-20,50,44,37
1952-01-21,39,32,25
1952-01-22,50,36,21
1952-01-23,48,40,30
1952-01-24,30,28,27
1952-01-25,39,30,21
1952-01-26,48,44,39
1952-01-27,55,50,45
1952-01-28,44,37,30
1952-01-29,30,21,10
1952-01-30,21,14,8
1952-01-31,32,26,19
1953-01-01,39,34,28
1953-01-02,42,35,28
1953-01-03,43,41,37
1953-01-04,42,38,30
1953-01-05,36,32,28
1953-01-06,33,30,28
1953-01-07,33,30,28
1953-01-08,35,30,26
1953-01-09,36,34,32
1953-01-10,36,35,34
1953-01-11,41,38,36
1953-01-12,39,34,30
1953-01-13,45,38,30
1953-01-14,50,42,33
1953-01-15,45,40,34
1953-01-16,57,46,32
1953-01-17,37,30,23
1953-01-18,46,42,37
1953-01-19,52,42,33
1953-01-20,44,40,37
1953-01-21,42,38,35
1953-01-22,44,39,34
1953-01-23,46,39,32
1953-01-24,52,48,45
1953-01-25,46,40,33
1953-01-26,33,28,23
1953-01-27,42,32,23
1953-01-28,50,44,35
1953-01-29,37,32,28
1953-01-30,39,31,25
1953-01-31,50,44,37
1954-01-01,46,35,24
1954-01-02,43,36,30
1954-01-03,46,42,37
1954-01-04,39,34,30
1954-01-05,37,32,26
1954-01-06,37,34,30
1954-01-07,34,31,28
1954-01-08,30,26,21
1954-01-09,45,33,21
1954-01-10,41,30,17
1954-01-11,21,19,17
1954-01-12,28,22,16
1954-01-13,21,16,12
1954-01-14,33,24,15
1954-01-15,39,34,28
1954-01-16,37,35,33
1954-01-17,37,24,10
1954-01-18,28,18,9
1954-01-19,39,33,27
1954-01-20,45,40,36
1954-01-21,53,43,30
1954-01-22,30,24,19
1954-01-23,27,22,16
1954-01-24,35,30,26
1954-01-25,41,38,34
1954-01-26,45,40,36
1954-01-27,51,45,39
1954-01-28,41,31,21
1954-01-29,30,22,14
1954-01-30,42,35,28
1954-01-31,30,27,24
1955-01-01,45,40,34
1955-01-02,51,44,37
1955-01-03,46,41,36
1955-01-04,48,39,30
1955-01-05,37,30,24
1955-01-06,42,37,32
1955-01-07,35,32,28
1955-01-08,39,33,27
1955-01-09,37,32,28
1955-01-10,43,38,32
1955-01-11,35,30,26
1955-01-12,33,28,23
1955-01-13,32,28,24
1955-01-14,34,28,21
1955-01-15,35,30,26
1955-01-16,36,32,28
1955-01-17,35,31,26
1955-01-18,37,30,24
1955-01-19,33,29,25
1955-01-20,33,28,21
1955-01-21,33,25,17
1955-01-22,37,32,28
1955-01-23,36,33,30
1955-01-24,36,32,28
1955-01-25,37,32,26
1955-01-26,37,31,26
1955-01-27,39,29,18
1955-01-28,23,18,14
1955-01-29,28,24,19
1955-01-30,25,22,19
1955-01-31,27,22,16
1956-01-01,30,24,19
1956-01-02,30,22,15
1956-01-03,37,34,30
1956-01-04,37,34,30
1956-01-05,41,38,33
1956-01-06,37,32,28
1956-01-07,32,28,21
1956-01-08,27,22,18
1956-01-09,46,35,24
1956-01-10,46,44,43
1956-01-11,43,41,39
1956-01-12,42,40,39
1956-01-13,39,36,33
1956-01-14,35,32,30
1956-01-15,44,38,33
1956-01-16,41,36,30
1956-01-17,37,32,28
1956-01-18,41,33,25
1956-01-19,34,30,25
1956-01-20,30,28,26
1956-01-21,37,30,23
1956-01-22,43,36,28
1956-01-23,35,30,23
1956-01-24,35,28,21
1956-01-25,37,30,23
1956-01-26,34,28,21
1956-01-27,34,28,23
1956-01-28,34,28,23
1956-01-29,36,32,28
1956-01-30,46,41,36
1956-01-31,37,32,28
1957-01-01,35,25,14
1957-01-02,26,19,12
1957-01-03,33,27,21
1957-01-04,46,38,30
1957-01-05,39,34,27
1957-01-06,32,26,19
1957-01-07,35,32,28
1957-01-08,42,36,30
1957-01-09,37,34,30
1957-01-10,36,28,19
1957-01-11,28,22,17
1957-01-12,37,30,24
1957-01-13,36,28,19
1957-01-14,24,18,10
1957-01-15,12,8,3
1957-01-16,25,18,12
1957-01-17,19,14,10
1957-01-18,24,16,9
1957-01-19,28,22,15
1957-01-20,37,27,17
1957-01-21,41,38,36
1957-01-22,46,42,37
1957-01-23,52,38,21
1957-01-24,27,22,17
1957-01-25,30,28,26
1957-01-26,37,32,28
1957-01-27,43,38,32
1957-01-28,37,34,32
1957-01-29,37,34,30
1957-01-30,39,34,30
1957-01-31,36,34,33
1958-01-01,50,42,33
1958-01-02,32,28,25
1958-01-03,30,26,21
1958-01-04,21,16,12
1958-01-05,33,24,15
1958-01-06,42,32,23
1958-01-07,37,34,30
1958-01-08,34,28,19
1958-01-09,28,22,16
1958-01-10,35,27,19
1958-01-11,37,29,21
1958-01-12,27,21,15
1958-01-13,34,28,21
1958-01-14,37,34,32
1958-01-15,39,37,34
1958-01-16,34,32,30
1958-01-17,33,30,28
1958-01-18,28,22,16
1958-01-19,26,20,14
1958-01-20,37,28,18
1958-01-21,42,36,30
1958-01-22,48,42,37
1958-01-23,44,39,34
1958-01-24,37,32,28
1958-01-25,43,40,36
1958-01-26,42,40,39
1958-01-27,42,40,39
1958-01-28,39,38,37
1958-01-29,45,41,37
1958-01-30,44,40,35
1958-01-31,44,38,33
1959-01-01,42,34,26
1959-01-02,48,44,39
1959-01-03,45,38,32
1959-01-04,43,36,28
1959-01-05,26,20,14
1959-01-06,21,18,14
1959-01-07,33,25,17
1959-01-08,34,28,21
1959-01-09,32,26,21
1959-01-10,28,24,19
1959-01-11,34,29,24
1959-01-12,39,32,26
1959-01-13,39,36,33
1959-01-14,39,34,30
1959-01-15,41,38,34
1959-01-16,42,37,32
1959-01-17,25,20,16
1959-01-18,25,20,16
1959-01-19,36,27,18
1959-01-20,37,35,33
1959-01-21,45,42,39
1959-01-22,50,39,28
1959-01-23,30,26,21
1959-01-24,37,29,21
1959-01-25,53,44,35
1959-01-26,35,30,24
1959-01-27,32,29,26
1959-01-28,35,27,19
1959-01-29,37,32,27
1959-01-30,55,47,39
1959-01-31,39,32,23
1960-01-01,41,34,27
1960-01-02,45,35,25
1960-01-03,51,45,39
1960-01-04,39,37,35
1960-01-05,37,34,30
1960-01-06,37,32,28
1960-01-07,37,36,35
1960-01-08,48,42,36
1960-01-09,37,30,23
1960-01-10,30,27,24
1960-01-11,28,24,21
1960-01-12,34,26,19
1960-01-13,35,32,28
1960-01-14,37,32,28
1960-01-15,42,38,33
1960-01-16,39,34,30
1960-01-17,41,36,30
1960-01-18,39,36,33
1960-01-19,41,36,30
1960-01-20,35,32,28
1960-01-21,32,30,27
1960-01-22,33,30,26
1960-01-23,36,33,30
1960-01-24,37,30,24
1960-01-25,37,32,27
1960-01-26,44,38,32
1960-01-27,48,39,30
1960-01-28,41,39,37
1960-01-29,46,40,34
1960-01-30,39,34,30
1960-01-31,39,36,32
1961-01-01,48,42,35
1961-01-02,36,32,28
1961-01-03,34,33,32
1961-01-04,32,28,24
1961-01-05,33,27,21
1961-01-06,45,38,30
1961-01-07,50,44,37
1961-01-08,44,36,27
1961-01-09,28,24,19
1961-01-10,35,27,19
1961-01-11,41,34,28
1961-01-12,41,38,35
1961-01-13,46,36,27
1961-01-14,52,46,39
1961-01-15,45,38,30
1961-01-16,32,30,28
1961-01-17,41,36,30
1961-01-18,41,36,28
1961-01-19,27,23,19
1961-01-20,19,16,10
1961-01-21,21,16,10
1961-01-22,21,18,12
1961-01-23,21,18,14
1961-01-24,25,20,16
1961-01-25,19,12,6
1961-01-26,21,16,12
1961-01-27,21,18,15
1961-01-28,21,16,12
1961-01-29,28,22,16
1961-01-30,23,19,15
1961-01-31,28,23,18
1962-01-01,34,32,27
1962-01-02,32,28,23
1962-01-03,35,30,25
1962-01-04,45,36,26
1962-01-05,34,28,21
1962-01-06,54,44,33
1962-01-07,50,46,41
1962-01-08,43,40,37
1962-01-09,34,30,25
1962-01-10,26,22,18
1962-01-11,26,21,16
1962-01-12,26,22,17
1962-01-13,34,26,18
1962-01-14,39,29,19
1962-01-15,50,44,37
1962-01-16,42,37,30
1962-01-17,36,30,21
1962-01-18,27,21,16
1962-01-19,30,24,19
1962-01-20,30,28,26
1962-01-21,36,28,19
1962-01-22,45,40,36
1962-01-23,46,37,28
1962-01-24,39,29,19
1962-01-25,46,39,32
1962-01-26,42,35,28
1962-01-27,45,36,26
1962-01-28,25,23,21
1962-01-29,30,24,19
1962-01-30,41,30,16
1962-01-31,23,18,12
1963-01-01,26,19,12
1963-01-02,34,28,21
1963-01-03,39,32,24
1963-01-04,39,36,33
1963-01-05,37,32,28
1963-01-06,39,34,30
1963-01-07,42,33,24
1963-01-08,42,38,33
1963-01-09,39,36,32
1963-01-10,44,36,28
1963-01-11,45,40,34
1963-01-12,39,37,35
1963-01-13,39,36,32
1963-01-14,30,26,21
1963-01-15,35,28,21
1963-01-16,32,25,18
1963-01-17,43,34,26
1963-01-18,42,38,35
1963-01-19,39,34,32
1963-01-20,46,42,39
1963-01-21,43,30,17
1963-01-22,33,24,15
1963-01-23,42,36,24
1963-01-24,21,14,6
1963-01-25,23,16,8
1963-01-26,33,26,19
1963-01-27,34,28,19
1963-01-28,24,20,16
1963-01-29,25,18,12
1963-01-30,32,28,25
1963-01-31,30,26,19
1964-01-01,42,33,24
1964-01-02,37,36,35
1964-01-03,43,36,30
1964-01-04,43,39,35
1964-01-05,41,37,33
1964-01-06,44,38,32
1964-01-07,43,40,34
1964-01-08,42,34,26
1964-01-09,46,40,33
1964-01-10,44,34,23
1964-01-11,35,29,23
1964-01-12,26,22,18
1964-01-13,21,16,10
1964-01-14,21,16,10
1964-01-15,28,20,12
1964-01-16,34,26,19
1964-01-17,37,30,24
1964-01-18,37,29,21
1964-01-19,43,34,25
1964-01-20,45,41,37
1964-01-21,50,44,37
1964-01-22,46,41,35
1964-01-23,44,37,30
1964-01-24,45,40,34
1964-01-25,48,45,41
1964-01-26,45,40,35
1964-01-27,44,39,34
1964-01-28,39,32,23
1964-01-29,33,26,18
1964-01-30,41,36,30
1964-01-31,36,30,23
1965-01-01,34,30,27
1965-01-02,30,28,26
1965-01-03,32,26,21
1965-01-04,39,34,28
1965-01-05,39,34,28
1965-01-06,46,41,36
1965-01-07,41,36,30
1965-01-08,46,44,41
1965-01-09,57,50,41
1965-01-10,39,34,28
1965-01-11,33,28,23
1965-01-12,35,32,28
1965-01-13,37,31,25
1965-01-14,36,24,10
1965-01-15,17,11,5
1965-01-16,17,14,10
1965-01-17,16,12,7
1965-01-18,24,17,10
1965-01-19,24,20,16
1965-01-20,34,28,23
1965-01-21,33,30,26
1965-01-22,45,36,26
1965-01-23,44,34,24
1965-01-24,34,29,24
1965-01-25,37,34,32
1965-01-26,41,34,28
1965-01-27,41,34,28
1965-01-28,36,28,19
1965-01-29,28,22,15
1965-01-30,19,14,10
1965-01-31,30,22,15
1966-01-01,61,54,48
1966-01-02,52,44,36
1966-01-03,44,40,37
1966-01-04,43,38,33
1966-01-05,46,39,32
1966-01-06,45,43,41
1966-01-07,46,42,37
1966-01-08,43,30,16
1966-01-09,30,23,16
1966-01-10,45,36,28
1966-01-11,37,30,21
1966-01-12,26,20,15
1966-01-13,32,21,12
1966-01-14,39,34,30
1966-01-15,39,34,27
1966-01-16,25,18,10
1966-01-17,37,28,19
1966-01-18,37,34,30
1966-01-19,36,32,28
1966-01-20,45,38,30
1966-01-21,39,36,34
1966-01-22,37,32,27
1966-01-23,37,34,32
1966-01-24,37,32,28
1966-01-25,32,26,21
1966-01-26,27,23,19
1966-01-27,33,26,19
1966-01-28,17,12,7
1966-01-29,23,16,10
1966-01-30,37,28,19
1966-01-31,23,18,12
1967-01-01,37,34,30
1967-01-02,45,40,35
1967-01-03,45,38,30
1967-01-04,41,40,39
1967-01-05,37,36,33
1967-01-06,35,32,30
1967-01-07,45,36,28
1967-01-08,46,45,42
1967-01-09,42,38,33
1967-01-10,37,34,30
1967-01-11,37,32,28
1967-01-12,34,30,28
1967-01-13,43,36,30
1967-01-14,42,40,39
1967-01-15,44,40,37
1967-01-16,37,34,27
1967-01-17,43,36,28
1967-01-18,37,28,16
1967-01-19,24,17,10
1967-01-20,36,28,21
1967-01-21,42,36,30
1967-01-22,53,44,35
1967-01-23,54,46,39
1967-01-24,60,52,43
1967-01-25,52,48,39
1967-01-26,59,49,39
1967-01-27,43,41,39
1967-01-28,39,36,30
1967-01-29,28,26,24
1967-01-30,34,29,24
1967-01-31,34,26,19
1968-01-01,30,21,10
1968-01-02,21,12,6
1968-01-03,34,28,21
1968-01-04,34,28,19
1968-01-05,19,16,12
1968-01-06,28,21,14
1968-01-07,27,18,9
1968-01-08,12,8,1
1968-01-09,12,6,1
1968-01-10,15,9,3
1968-01-11,15,10,5
1968-01-12,23,13,3
1968-01-13,30,20,10
1968-01-14,44,36,28
1968-01-15,33,30,27
1968-01-16,25,18,12
1968-01-17,30,23,16
1968-01-18,39,30,21
1968-01-19,46,37,28
1968-01-20,45,38,30
1968-01-21,48,40,33
1968-01-22,37,34,30
1968-01-23,39,36,33
1968-01-24,32,26,21
1968-01-25,24,22,19
1968-01-26,37,26,16
1968-01-27,46,36,25
1968-01-28,41,37,33
1968-01-29,37,36,36
1968-01-30,44,40,35
1968-01-31,45,38,32
1969-01-01,37,24,12
1969-01-02,27,20,14
1969-01-03,32,26,19
1969-01-04,30,26,21
1969-01-05,28,23,18
1969-01-06,41,30,19
1969-01-07,34,30,26
1969-01-08,30,28,25
1969-01-09,35,32,28
1969-01-10,33,27,21
1969-01-11,30,24,19
1969-01-12,33,27,21
1969-01-13,34,30,25
1969-01-14,41,36,30
1969-01-15,37,32,27
1969-01-16,35,28,21
1969-01-17,37,34,30
1969-01-18,45,40,36
1969-01-19,46,42,35
1969-01-20,39,34,30
1969-01-21,42,38,33
1969-01-22,45,39,33
1969-01-23,46,42,39
1969-01-24,46,44,41
1969-01-25,43,39,34
1969-01-26,33,27,21
1969-01-27,21,18,15
1969-01-28,26,18,10
1969-01-29,37,32,26
1969-01-30,39,38,36
1969-01-31,46,42,37
1970-01-01,27,23,19
1970-01-02,28,22,17
1970-01-03,34,28,23
1970-01-04,30,24,17
1970-01-05,30,22,15
1970-01-06,35,32,26
1970-01-07,25,23,19
1970-01-08,21,13,3
1970-01-09,12,8,3
1970-01-10,28,16,5
1970-01-11,27,22,16
1970-01-12,28,24,21
1970-01-13,32,24,17
1970-01-14,23,20,14
1970-01-15,28,19,10
1970-01-16,35,25,15
1970-01-17,45,38,30
1970-01-18,39,32,21
1970-01-19,25,20,14
1970-01-20,23,18,14
1970-01-21,19,14,7
1970-01-22,19,12,6
1970-01-23,28,18,7
1970-01-24,27,22,16
1970-01-25,35,28,21
1970-01-26,45,38,32
1970-01-27,35,31,27
1970-01-28,39,34,30
1970-01-29,48,42,37
1970-01-30,45,34,23
1970-01-31,35,27,19
1971-01-01,30,28,25
1971-01-02,33,29,25
1971-01-03,37,32,28
1971-01-04,44,34,25
1971-01-05,46,42,36
1971-01-06,34,32,28
1971-01-07,27,24,21
1971-01-08,27,23,19
1971-01-09,27,23,19
1971-01-10,36,32,27
1971-01-11,44,37,30
1971-01-12,39,34,25
1971-01-13,25,21,17
1971-01-14,35,28,21
1971-01-15,36,33,28
1971-01-16,25,20,14
1971-01-17,23,20,16
1971-01-18,26,22,17
1971-01-19,16,12,7
1971-01-20,24,17,10
1971-01-21,34,26,19
1971-01-22,41,37,33
1971-01-23,45,40,33
1971-01-24,36,32,28
1971-01-25,37,35,33
1971-01-26,44,37,27
1971-01-27,23,20,12
1971-01-28,21,16,10
1971-01-29,30,23,16
1971-01-30,43,38,30
1971-01-31,28,22,14
1972-01-01,36,28,21
1972-01-02,53,44,36
1972-01-03,46,40,35
1972-01-04,48,42,37
1972-01-05,44,36,25
1972-01-06,28,22,17
1972-01-07,39,34,28
1972-01-08,37,34,28
1972-01-09,48,37,26
1972-01-10,51,48,46
1972-01-11,55,52,48
1972-01-12,50,47,44
1972-01-13,52,48,45
1972-01-14,54,44,32
1972-01-15,35,31,18
1972-01-16,16,12,9
1972-01-17,35,24,14
1972-01-18,43,36,30
1972-01-19,57,46,35
1972-01-20,44,40,37
1972-01-21,44,42,36
1972-01-22,45,41,37
1972-01-23,48,44,39
1972-01-24,52,48,43
1972-01-25,52,44,30
1972-01-26,32,28,24
1972-01-27,30,26,21
1972-01-28,32,28,25
1972-01-29,30,27,24
1972-01-30,37,34,32
1972-01-31,30,26,23
1973-01-01,60,53,46
1973-01-02,46,41,35
1973-01-03,39,35,33
1973-01-04,53,46,39
1973-01-05,45,42,37
1973-01-06,37,28,19
1973-01-07,25,22,19
1973-01-08,21,18,15
1973-01-09,28,22,15
1973-01-10,32,28,24
1973-01-11,35,30,26
1973-01-12,33,28,23
1973-01-13,35,30,24
1973-01-14,39,32,26
1973-01-15,46,40,34
1973-01-16,48,44,39
1973-01-17,55,46,37
1973-01-18,55,46,37
1973-01-19,54,46,39
1973-01-20,51,42,32
1973-01-21,44,36,27
1973-01-22,54,44,33
1973-01-23,51,48,45
1973-01-24,45,41,37
1973-01-25,44,38,32
1973-01-26,48,42,35
1973-01-27,46,41,36
1973-01-28,44,42,39
1973-01-29,39,30,21
1973-01-30,30,24,17
1973-01-31,30,24,18
1974-01-01,42,38,33
1974-01-02,32,28,25
1974-01-03,30,29,28
1974-01-04,30,28,26
1974-01-05,27,24,21
1974-01-06,30,28,27
1974-01-07,36,32,28
1974-01-08,28,24,21
1974-01-09,28,23,18
1974-01-10,33,28,23
1974-01-11,42,38,33
1974-01-12,35,30,24
1974-01-13,25,22,18
1974-01-14,32,24,17
1974-01-15,39,34,30
1974-01-16,45,40,35
1974-01-17,45,30,15
1974-01-18,24,17,10
1974-01-19,46,36,25
1974-01-20,32,28,24
1974-01-21,54,43,32
1974-01-22,53,45,37
1974-01-23,54,44,35
1974-01-24,50,44,39
1974-01-25,46,41,36
1974-01-26,45,38,33
1974-01-27,64,55,46
1974-01-28,54,48,43
1974-01-29,51,47,42
1974-01-30,51,44,37
1974-01-31,57,48,39
1975-01-01,45,40,34
1975-01-02,39,36,30
1975-01-03,41,34,26
1975-01-04,48,42,37
1975-01-05,44,39,30
1975-01-06,43,34,26
1975-01-07,48,42,37
1975-01-08,46,40,33
1975-01-09,50,46,39
1975-01-10,46,41,36
1975-01-11,57,52,48
1975-01-12,60,52,44
1975-01-13,42,38,33
1975-01-14,34,29,23
1975-01-15,30,24,19
1975-01-16,37,32,28
1975-01-17,32,28,25
1975-01-18,46,36,25
1975-01-19,51,44,37
1975-01-20,39,29,19
1975-01-21,33,24,17
1975-01-22,39,36,32
1975-01-23,39,36,32
1975-01-24,44,38,33
1975-01-25,50,44,37
1975-01-26,45,41,37
1975-01-27,39,38,35
1975-01-28,39,37,35
1975-01-29,55,46,36
1975-01-30,48,41,33
1975-01-31,33,30,28
1976-01-01,39,36,30
1976-01-02,30,26,21
1976-01-03,42,36,30
1976-01-04,36,32,26
1976-01-05,26,24,21
1976-01-06,30,24,18
1976-01-07,36,32,28
1976-01-08,37,28,17
1976-01-09,23,20,16
1976-01-10,26,20,15
1976-01-11,37,29,21
1976-01-12,36,31,26
1976-01-13,46,32,19
1976-01-14,48,41,33
1976-01-15,32,28,24
1976-01-16,44,34,25
1976-01-17,36,26,15
1976-01-18,19,13,7
1976-01-19,25,17,9
1976-01-20,30,27,24
1976-01-21,34,28,23
1976-01-22,30,20,8
1976-01-23,15,8,1
1976-01-24,26,20,15
1976-01-25,35,28,21
1976-01-26,51,43,36
1976-01-27,48,44,37
1976-01-28,39,34,28
1976-01-29,39,34,28
1976-01-30,36,32,27
1976-01-31,34,27,21
1977-01-01,27,20,14
1977-01-02,36,30,25
1977-01-03,28,24,19
1977-01-04,37,32,27
1977-01-05,30,26,21
1977-01-06,30,24,19
1977-01-07,33,28,23
1977-01-08,28,24,19
1977-01-09,28,24,19
1977-01-10,39,31,21
1977-01-11,24,20,16
1977-01-12,19,16,12
1977-01-13,21,16,10
1977-01-14,28,24,19
1977-01-15,30,26,21
1977-01-16,27,18,9
1977-01-17,8,4,0
1977-01-18,10,6,1
1977-01-19,26,18,9
1977-01-20,35,26,18
1977-01-21,27,23,19
1977-01-22,24,20,15
1977-01-23,28,21,14
1977-01-24,32,25,18
1977-01-25,35,31,27
1977-01-26,30,26,23
1977-01-27,33,29,23
1977-01-28,41,26,12
1977-01-29,12,8,3
1977-01-30,19,14,10
1977-01-31,21,16,10
1978-01-01,32,30,27
1978-01-02,33,30,28
1978-01-03,28,24,19
1978-01-04,30,24,19
1978-01-05,39,32,26
1978-01-06,46,40,34
1978-01-07,37,37,36
1978-01-08,54,45,36
1978-01-09,55,36,16
1978-01-10,21,16,12
1978-01-11,28,24,21
1978-01-12,32,26,19
1978-01-13,33,30,28
1978-01-14,35,32,30
1978-01-15,28,24,19
1978-01-16,28,23,18
1978-01-17,36,30,25
1978-01-18,43,36,27
1978-01-19,30,27,24
1978-01-20,34,31,28
1978-01-21,27,25,23
1978-01-22,30,24,19
1978-01-23,32,26,21
1978-01-24,34,28,21
1978-01-25,46,38,30
1978-01-26,52,40,26
1978-01-27,28,26,23
1978-01-28,27,23,19
1978-01-29,26,22,17
1978-01-30,33,25,17
1978-01-31,28,24,21
1979-01-01,51,48,46
1979-01-02,55,48,39
1979-01-03,37,28,17
1979-01-04,28,22,15
1979-01-05,28,26,25
1979-01-06,34,30,26
1979-01-07,50,40,30
1979-01-08,50,40,30
1979-01-09,28,24,21
1979-01-10,28,24,21
1979-01-11,25,21,16
1979-01-12,27,20,15
1979-01-13,39,34,28
1979-01-14,42,37,30
1979-01-15,30,27,24
1979-01-16,39,32,25
1979-01-17,37,29,21
1979-01-18,34,23,12
1979-01-19,19,14,8
1979-01-20,35,26,17
1979-01-21,54,44,35
1979-01-22,39,38,36
1979-01-23,39,34,30
1979-01-24,52,42,33
1979-01-25,48,41,34
1979-01-26,43,39,35
1979-01-27,48,42,36
1979-01-28,42,39,36
1979-01-29,42,40,37
1979-01-30,42,38,33
1979-01-31,39,34,28
1980-01-01,42,34,26
1980-01-02,41,36,30
1980-01-03,36,32,28
1980-01-04,30,25,20
1980-01-05,29,27,25
1980-01-06,33,25,17
1980-01-07,39,34,28
1980-01-08,36,33,30
1980-01-09,31,30,28
1980-01-10,33,28,23
1980-01-11,53,44,35
1980-01-12,48,38,26
1980-01-13,33,26,19
1980-01-14,54,42,31
1980-01-15,51,45,37
1980-01-16,45,39,33
1980-01-17,39,36,32
1980-01-18,41,38,36
1980-01-19,43,41,39
1980-01-20,39,34,30
1980-01-21,37,32,28
1980-01-22,41,36,30
1980-01-23,42,35,28
1980-01-24,25,22,19
1980-01-25,30,26,21
1980-01-26,35,30,24
1980-01-27,35,30,25
1980-01-28,36,32,28
1980-01-29,31,28,25
1980-01-30,28,22,17
1980-01-31,26,22,15
1981-01-01,28,26,24
1981-01-02,36,30,21
1981-01-03,21,18,15
1981-01-04,16,12,8
1981-01-05,30,21,12
1981-01-06,36,28,19
1981-01-07,36,28,19
1981-01-08,19,16,12
1981-01-09,24,16,8
1981-01-10,25,18,12
1981-01-11,17,14,10
1981-01-12,14,10,5
1981-01-13,21,14,8
1981-01-14,30,24,18
1981-01-15,32,28,23
1981-01-16,30,27,24
1981-01-17,28,24,17
1981-01-18,28,22,15
1981-01-19,42,36,30
1981-01-20,42,37,30
1981-01-21,36,32,27
1981-01-22,39,31,23
1981-01-23,43,38,34
1981-01-24,39,36,34
1981-01-25,36,32,28
1981-01-26,39,36,34
1981-01-27,50,44,37
1981-01-28,42,38,34
1981-01-29,41,34,26
1981-01-30,30,26,21
1981-01-31,37,28,18
1982-01-01,46,44,39
1982-01-02,39,34,28
1982-01-03,37,32,27
1982-01-04,53,46,39
1982-01-05,48,42,36
1982-01-06,46,39,32
1982-01-07,48,42,35
1982-01-08,33,28,23
1982-01-09,32,26,19
1982-01-10,18,12,7
1982-01-11,17,11,5
1982-01-12,17,12,7
1982-01-13,25,20,15
1982-01-14,27,26,24
1982-01-15,28,24,19
1982-01-16,37,27,17
1982-01-17,21,10,0
1982-01-18,16,6,0
1982-01-19,26,18,10
1982-01-20,37,30,24
1982-01-21,30,24,16
1982-01-22,18,12,7
1982-01-23,45,31,17
1982-01-24,37,28,19
1982-01-25,24,20,17
1982-01-26,28,24,19
1982-01-27,27,20,12
1982-01-28,36,30,24
1982-01-29,41,34,28
1982-01-30,42,34,26
1982-01-31,48,42,37
1983-01-01,46,42,37
1983-01-02,45,40,36
1983-01-03,41,38,35
1983-01-04,34,30,27
1983-01-05,48,40,32
1983-01-06,48,44,39
1983-01-07,51,43,35
1983-01-08,48,44,37
1983-01-09,39,36,32
1983-01-10,53,44,37
1983-01-11,57,51,43
1983-01-12,46,37,27
1983-01-13,35,30,24
1983-01-14,37,29,21
1983-01-15,42,40,37
1983-01-16,37,32,28
1983-01-17,32,28,24
1983-01-18,25,20,15
1983-01-19,21,16,12
1983-01-20,27,20,12
1983-01-21,36,28,19
1983-01-22,39,30,21
1983-01-23,51,44,36
1983-01-24,48,44,39
1983-01-25,45,40,35
1983-01-26,39,36,33
1983-01-27,35,32,28
1983-01-28,37,34,30
1983-01-29,39,34,30
1983-01-30,44,37,30
1983-01-31,48,42,37
1984-01-01,34,29,24
1984-01-02,35,32,28
1984-01-03,37,34,30
1984-01-04,39,36,32
1984-01-05,42,40,37
1984-01-06,43,40,37
1984-01-07,39,32,24
1984-01-08,32,24,18
1984-01-09,37,32,28
1984-01-10,46,39,30
1984-01-11,28,24,17
1984-01-12,21,16,12
1984-01-13,27,22,19
1984-01-14,35,30,26
1984-01-15,30,24,19
1984-01-16,24,20,15
1984-01-17,33,26,19
1984-01-18,32,30,28
1984-01-19,30,24,18
1984-01-20,19,14,10
1984-01-21,17,12,7
1984-01-22,21,14,7
1984-01-23,30,24,18
1984-01-24,43,35,27
1984-01-25,45,40,34
1984-01-26,48,41,34
1984-01-27,51,40,30
1984-01-28,39,33,27
1984-01-29,36,32,28
1984-01-30,37,32,28
1984-01-31,37,30,23
1985-01-01,52,46,41
1985-01-02,57,48,37
1985-01-03,37,34,32
1985-01-04,36,32,28
1985-01-05,37,32,28
1985-01-06,43,36,28
1985-01-07,48,40,33
1985-01-08,39,28,18
1985-01-09,26,21,16
1985-01-10,28,22,17
1985-01-11,25,23,21
1985-01-12,34,26,19
1985-01-13,36,32,28
1985-01-14,43,36,28
1985-01-15,39,28,17
1985-01-16,27,20,12
1985-01-17,32,28,23
1985-01-18,35,30,25
1985-01-19,36,32,26
1985-01-20,24,15,3
1985-01-21,10,4,-2
1985-01-22,28,19,10
1985-01-23,28,26,23
1985-01-24,36,30,24
1985-01-25,39,34,28
1985-01-26,32,28,21
1985-01-27,32,26,19
1985-01-28,42,32,21
1985-01-29,37,32,26
1985-01-30,33,27,21
1985-01-31,35,28,21
1986-01-01,42,38,28
1986-01-02,44,36,28
1986-01-03,51,44,37
1986-01-04,43,36,28
1986-01-05,45,39,30
1986-01-06,37,32,28
1986-01-07,28,24,18
1986-01-08,28,22,16
1986-01-09,37,29,21
1986-01-10,46,39,32
1986-01-11,39,34,28
1986-01-12,45,38,30
1986-01-13,46,36,21
1986-01-14,21,18,15
1986-01-15,23,15,7
1986-01-16,36,28,19
1986-01-17,46,37,28
1986-01-18,57,46,35
1986-01-19,55,49,43
1986-01-20,54,46,37
1986-01-21,50,44,37
1986-01-22,52,40,28
1986-01-23,44,37,28
1986-01-24,33,27,21
1986-01-25,46,36,26
1986-01-26,50,44,39
1986-01-27,39,36,28
1986-01-28,23,18,12
1986-01-29,21,16,12
1986-01-30,30,24,19
1986-01-31,34,28,21
1987-01-01,37,34,30
1987-01-02,41,37,33
1987-01-03,41,36,30
1987-01-04,35,30,26
1987-01-05,37,32,26
1987-01-06,39,33,27
1987-01-07,46,41,36
1987-01-08,39,36,32
1987-01-09,39,36,34
1987-01-10,43,38,33
1987-01-11,41,38,36
1987-01-12,39,37,35
1987-01-13,44,40,36
1987-01-14,46,38,30
1987-01-15,53,48,43
1987-01-16,50,41,30
1987-01-17,32,28,23
1987-01-18,39,32,25
1987-01-19,39,34,30
1987-01-20,33,32,30
1987-01-21,37,34,30
1987-01-22,35,32,30
1987-01-23,35,28,19
1987-01-24,18,16,12
1987-01-25,24,18,12
1987-01-26,23,21,19
1987-01-27,24,18,12
1987-01-28,28,21,14
1987-01-29,37,29,21
1987-01-30,39,34,28
1987-01-31,37,34,30
1988-01-01,43,40,37
1988-01-02,35,30,26
1988-01-03,33,27,21
1988-01-04,37,34,30
1988-01-05,25,18,12
1988-01-06,21,15,9
1988-01-07,19,16,12
1988-01-08,28,22,17
1988-01-09,32,28,25
1988-01-10,28,24,16
1988-01-11,28,18,8
1988-01-12,36,28,19
1988-01-13,39,30,19
1988-01-14,19,13,7
1988-01-15,21,13,5
1988-01-16,34,25,16
1988-01-17,37,32,26
1988-01-18,44,40,36
1988-01-19,48,42,37
1988-01-20,42,38,35
1988-01-21,48,42,37
1988-01-22,37,32,28
1988-01-23,35,30,25
1988-01-24,44,36,28
1988-01-25,42,38,33
1988-01-26,36,28,21
1988-01-27,28,24,19
1988-01-28,27,23,19
1988-01-29,30,24,19
1988-01-30,42,36,30
1988-01-31,53,44,34
1989-01-01,37,32,28
1989-01-02,42,39,36
1989-01-03,39,34,30
1989-01-04,30,21,12
1989-01-05,26,18,10
1989-01-06,27,24,21
1989-01-07,35,32,28
1989-01-08,46,40,34
1989-01-09,45,40,35
1989-01-10,35,32,28
1989-01-11,41,36,30
1989-01-12,48,38,28
1989-01-13,44,37,30
1989-01-14,39,32,25
1989-01-15,48,42,37
1989-01-16,45,40,34
1989-01-17,48,40,32
1989-01-18,46,39,32
1989-01-19,50,44,37
1989-01-20,48,42,34
1989-01-21,32,24,17
1989-01-22,39,30,21
1989-01-23,42,36,30
1989-01-24,55,42,28
1989-01-25,46,40,35
1989-01-26,46,41,36
1989-01-27,46,42,37
1989-01-28,44,36,28
1989-01-29,50,44,37
1989-01-30,48,44,41
1989-01-31,50,44,37
1990-01-01,44,39,33
1990-01-02,41,34,28
1990-01-03,48,38,28
1990-01-04,50,40,30
1990-01-05,46,41,35
1990-01-06,45,39,33
1990-01-07,39,32,26
1990-01-08,42,37,32
1990-01-09,43,38,32
1990-01-10,46,42,39
1990-01-11,42,40,36
1990-01-12,42,38,33
1990-01-13,34,30,25
1990-01-14,36,31,26
1990-01-15,39,36,34
1990-01-16,51,42,33
1990-01-17,50,44,37
1990-01-18,59,52,44
1990-01-19,46,40,32
1990-01-20,37,32,28
1990-01-21,37,36,34
1990-01-22,43,36,30
1990-01-23,45,40,35
1990-01-24,53,48,42
1990-01-25,50,46,42
1990-01-26,48,42,37
1990-01-27,43,38,32
1990-01-28,55,46,36
1990-01-29,45,42,39
1990-01-30,46,42,37
1990-01-31,46,38,30
1991-01-01,39,30,23
1991-01-02,48,42,36
1991-01-03,42,37,32
1991-01-04,36,32,28
1991-01-05,39,33,27
1991-01-06,45,41,37
1991-01-07,39,32,25
1991-01-08,30,24,19
1991-01-09,36,32,28
1991-01-10,43,36,28
1991-01-11,36,28,21
1991-01-12,42,38,33
1991-01-13,36,32,27
1991-01-14,37,30,23
1991-01-15,46,38,30
1991-01-16,52,42,33
1991-01-17,48,44,39
1991-01-18,42,38,35
1991-01-19,46,40,33
1991-01-20,55,47,39
1991-01-21,45,32,17
1991-01-22,21,16,10
1991-01-23,35,24,14
1991-01-24,39,34,28
1991-01-25,27,22,18
1991-01-26,35,28,21
1991-01-27,41,34,28
1991-01-28,50,43,36
1991-01-29,48,39,30
1991-01-30,46,44,43
1991-01-31,46,36,26
1992-01-01,43,36,28
1992-01-02,51,44,36
1992-01-03,53,46,39
1992-01-04,48,46,43
1992-01-05,53,47,41
1992-01-06,48,42,37
1992-01-07,48,42,37
1992-01-08,45,40,34
1992-01-09,44,37,30
1992-01-10,46,42,37
1992-01-11,39,34,30
1992-01-12,42,35,28
1992-01-13,54,46,37
1992-01-14,57,47,36
1992-01-15,36,30,23
1992-01-16,30,24,17
1992-01-17,34,24,15
1992-01-18,34,26,16
1992-01-19,23,18,12
1992-01-20,28,23,18
1992-01-21,39,32,24
1992-01-22,39,36,32
1992-01-23,54,46,37
1992-01-24,46,37,27
1992-01-25,28,24,21
1992-01-26,30,26,21
1992-01-27,36,28,21
1992-01-28,42,34,26
1992-01-29,44,36,27
1992-01-30,43,36,28
1992-01-31,48,44,39
1993-01-01,55,41,26
1993-01-02,37,32,26
1993-01-03,43,34,24
1993-01-04,54,48,41
1993-01-05,62,52,42
1993-01-06,45,40,35
1993-01-07,44,40,36
1993-01-08,42,40,37
1993-01-09,37,32,27
1993-01-10,27,26,24
1993-01-11,34,29,24
1993-01-12,39,36,34
1993-01-13,42,39,36
1993-01-14,37,34,30
1993-01-15,39,36,32
1993-01-16,39,34,30
1993-01-17,41,36,30
1993-01-18,39,33,27
1993-01-19,37,30,23
1993-01-20,45,36,28
1993-01-21,43,34,26
1993-01-22,52,48,43
1993-01-23,48,42,37
1993-01-24,50,44,37
1993-01-25,43,38,33
1993-01-26,34,30,26
1993-01-27,45,38,30
1993-01-28,39,34,28
1993-01-29,44,34,23
1993-01-30,37,30,23
1993-01-31,46,38,30
1994-01-01,41,34,26
1994-01-02,50,42,33
1994-01-03,35,32,30
1994-01-04,42,35,26
1994-01-05,34,29,23
1994-01-06,26,22,18
1994-01-07,32,26,23
1994-01-08,32,26,18
1994-01-09,25,20,15
1994-01-10,26,21,16
1994-01-11,36,27,18
1994-01-12,34,32,30
1994-01-13,39,36,32
1994-01-14,36,32,24
1994-01-15,21,16,8
1994-01-16,16,10,3
1994-01-17,45,30,14
1994-01-18,37,22,7
1994-01-19,9,4,0
1994-01-20,14,8,3
1994-01-21,21,14,7
1994-01-22,33,25,17
1994-01-23,33,26,19
1994-01-24,46,38,30
1994-01-25,37,35,33
1994-01-26,33,22,10
1994-01-27,34,17,1
1994-01-28,50,42,34
1994-01-29,43,39,35
1994-01-30,36,32,27
1994-01-31,32,26,21
1995-01-01,54,46,37
1995-01-02,44,36,28
1995-01-03,32,28,24
1995-01-04,35,29,21
1995-01-05,27,22,17
1995-01-06,39,31,23
1995-01-07,51,44,37
1995-01-08,37,35,33
1995-01-09,39,34,28
1995-01-10,35,30,25
1995-01-11,35,32,30
1995-01-12,46,40,33
1995-01-13,55,48,41
1995-01-14,55,50,46
1995-01-15,57,54,52
1995-01-16,55,52,48
1995-01-17,54,49,44
1995-01-18,44,42,39
1995-01-19,42,40,37
1995-01-20,50,46,41
1995-01-21,44,40,36
1995-01-22,39,36,32
1995-01-23,41,34,28
1995-01-24,39,36,32
1995-01-25,44,40,36
1995-01-26,42,38,34
1995-01-27,39,34,30
1995-01-28,33,27,21
1995-01-29,37,28,19
1995-01-30,42,32,21
1995-01-31,43,36,28
1996-01-01,43,40,36
1996-01-02,39,34,30
1996-01-03,30,27,23
1996-01-04,26,22,17
1996-01-05,28,22,12
1996-01-06,19,14,9
1996-01-07,23,19,15
1996-01-08,24,22,19
1996-01-09,28,24,19
1996-01-10,34,29,24
1996-01-11,28,24,19
1996-01-12,39,32,24
1996-01-13,37,34,32
1996-01-14,37,34,30
1996-01-15,44,32,21
1996-01-16,37,26,16
1996-01-17,39,36,34
1996-01-18,50,39,30
1996-01-19,54,44,30
1996-01-20,33,28,24
1996-01-21,35,30,24
1996-01-22,39,34,28
1996-01-23,39,36,34
1996-01-24,46,42,39
1996-01-25,41,34,26
1996-01-26,44,34,23
1996-01-27,50,44,36
1996-01-28,37,34,30
1996-01-29,39,32,26
1996-01-30,42,38,34
1996-01-31,39,30,19
1997-01-01,28,20,12
1997-01-02,42,35,28
1997-01-03,57,50,42
1997-01-04,48,45,42
1997-01-05,51,48,45
1997-01-06,48,42,35
1997-01-07,36,32,27
1997-01-08,35,31,27
1997-01-09,37,32,26
1997-01-10,39,37,34
1997-01-11,34,28,21
1997-01-12,28,23,18
1997-01-13,33,26,18
1997-01-14,32,26,21
1997-01-15,37,29,23
1997-01-16,45,36,28
1997-01-17,23,18,10
1997-01-18,18,14,7
1997-01-19,19,12,5
1997-01-20,33,26,19
1997-01-21,37,32,28
1997-01-22,46,39,32
1997-01-23,52,41,28
1997-01-24,45,34,25
1997-01-25,48,42,35
1997-01-26,34,29,23
1997-01-27,41,30,21
1997-01-28,44,36,28
1997-01-29,30,27,23
1997-01-30,32,24,19
1997-01-31,37,34,30
1998-01-01,30,22,15
1998-01-02,46,38,30
1998-01-03,54,46,39
1998-01-04,59,52,44
1998-01-05,48,44,41
1998-01-06,57,49,41
1998-01-07,52,48,44
1998-01-08,55,50,46
1998-01-09,55,52,48
1998-01-10,48,42,37
1998-01-11,48,42,36
1998-01-12,41,36,30
1998-01-13,48,41,32
1998-01-14,33,28,24
1998-01-15,45,36,26
1998-01-16,39,36,33
1998-01-17,39,36,32
1998-01-18,35,32,30
1998-01-19,39,34,30
1998-01-20,39,34,30
1998-01-21,39,34,28
1998-01-22,36,33,30
1998-01-23,52,42,33
1998-01-24,50,44,36
1998-01-25,39,36,33
1998-01-26,42,36,30
1998-01-27,42,36,31
1998-01-28,37,36,34
1998-01-29,50,42,35
1998-01-30,48,42,36
1998-01-31,43,38,33
1999-01-01,30,22,12
1999-01-02,25,17,10
1999-01-03,53,38,24
1999-01-04,32,26,21
1999-01-05,28,23,18
1999-01-06,33,26,19
1999-01-07,35,30,24
1999-01-08,37,29,21
1999-01-09,50,40,30
1999-01-10,28,26,24
1999-01-11,27,24,21
1999-01-12,48,39,30
1999-01-13,50,38,26
1999-01-14,26,20,17
1999-01-15,46,37,28
1999-01-16,42,32,23
1999-01-17,52,42,32
1999-01-18,54,46,37
1999-01-19,48,42,36
1999-01-20,46,42,35
1999-01-21,46,38,30
1999-01-22,44,42,39
1999-01-23,51,46,42
1999-01-24,54,48,41
1999-01-25,39,36,33
1999-01-26,41,36,30
1999-01-27,42,36,30
1999-01-28,42,40,36
1999-01-29,37,32,26
1999-01-30,37,30,23
1999-01-31,30,23,16
2000-01-01,46,38,30
2000-01-02,54,46,39
2000-01-03,59,52,46
2000-01-04,55,52,46
2000-01-05,46,37,28
2000-01-06,42,33,24
2000-01-07,48,42,36
2000-01-08,37,34,30
2000-01-09,48,42,37
2000-01-10,55,49,43
2000-01-11,51,45,39
2000-01-12,46,42,39
2000-01-13,37,28,18
2000-01-14,23,18,14
2000-01-15,30,24,17
2000-01-16,46,36,21
2000-01-17,19,14,8
2000-01-18,19,11,3
2000-01-19,30,20,10
2000-01-20,27,24,21
2000-01-21,23,16,10
2000-01-22,19,14,9
2000-01-23,27,22,17
2000-01-24,36,30,24
2000-01-25,33,30,26
2000-01-26,30,26,21
2000-01-27,21,16,12
2000-01-28,21,15,9
2000-01-29,33,25,17
2000-01-30,37,28,19
2000-01-31,41,34,28
2001-01-01,30,27,21
2001-01-02,26,22,18
2001-01-03,28,23,18
2001-01-04,33,28,24
2001-01-05,33,26,19
2001-01-06,39,32,26
2001-01-07,39,32,26
2001-01-08,39,34,30
2001-01-09,34,30,25
2001-01-10,32,28,23
2001-01-11,44,36,27
2001-01-12,41,36,28
2001-01-13,35,30,26
2001-01-14,37,32,27
2001-01-15,37,35,33
2001-01-16,44,40,35
2001-01-17,43,39,35
2001-01-18,36,33,30
2001-01-19,39,37,35
2001-01-20,37,34,30
2001-01-21,32,28,23
2001-01-22,32,28,23
2001-01-23,35,28,21
2001-01-24,41,33,25
2001-01-25,37,32,25
2001-01-26,32,26,21
2001-01-27,39,34,30
2001-01-28,37,32,28
2001-01-29,36,30,26
2001-01-30,51,42,34
2001-01-31,48,40,33
2002-01-01,36,28,21
2002-01-02,37,30,24
2002-01-03,36,32,28
2002-01-04,39,32,26
2002-01-05,42,38,33
2002-01-06,42,35,28
2002-01-07,37,32,26
2002-01-08,35,28,21
2002-01-09,39,36,32
2002-01-10,52,44,37
2002-01-11,45,44,41
2002-01-12,45,40,35
2002-01-13,45,42,37
2002-01-14,46,40,35
2002-01-15,50,42,33
2002-01-16,44,40,36
2002-01-17,46,41,36
2002-01-18,37,34,30
2002-01-19,33,30,26
2002-01-20,37,32,27
2002-01-21,37,34,30
2002-01-22,46,41,36
2002-01-23,46,42,37
2002-01-24,50,46,42
2002-01-25,48,42,36
2002-01-26,53,45,37
2002-01-27,54,44,35
2002-01-28,57,47,37
2002-01-29,68,54,39
2002-01-30,62,52,41
2002-01-31,41,39,37
2003-01-01,46,42,37
2003-01-02,39,34,28
2003-01-03,37,32,28
2003-01-04,36,33,30
2003-01-05,36,34,32
2003-01-06,34,32,30
2003-01-07,30,28,26
2003-01-08,43,36,28
2003-01-09,50,44,37
2003-01-10,44,38,32
2003-01-11,32,28,25
2003-01-12,37,30,24
2003-01-13,39,32,25
2003-01-14,28,24,21
2003-01-15,30,26,21
2003-01-16,28,24,19
2003-01-17,30,22,12
2003-01-18,19,13,7
2003-01-19,28,22,17
2003-01-20,33,26,19
2003-01-21,27,22,17
2003-01-22,23,18,10
2003-01-23,19,14,10
2003-01-24,28,18,8
2003-01-25,30,24,19
2003-01-26,33,27,21
2003-01-27,28,18,8
2003-01-28,25,16,7
2003-01-29,33,29,25
2003-01-30,33,27,21
2003-01-31,37,34,32
2004-01-01,45,41,37
2004-01-02,48,42,35
2004-01-03,48,44,41
2004-01-04,51,44,37
2004-01-05,39,38,37
2004-01-06,39,32,24
2004-01-07,26,22,19
2004-01-08,30,26,21
2004-01-09,28,18,6
2004-01-10,15,8,1
2004-01-11,27,17,7
2004-01-12,37,31,25
2004-01-13,44,32,17
2004-01-14,16,13,10
2004-01-15,16,10,1
2004-01-16,24,12,1
2004-01-17,34,26,19
2004-01-18,34,31,28
2004-01-19,27,24,19
2004-01-20,28,24,19
2004-01-21,28,22,16
2004-01-22,37,28,19
2004-01-23,19,16,14
2004-01-24,24,17,10
2004-01-25,19,14,8
2004-01-26,21,18,15
2004-01-27,24,22,19
2004-01-28,28,24,19
2004-01-29,27,23,19
2004-01-30,24,20,15
2004-01-31,27,22,16
2005-01-01,61,50,37
2005-01-02,46,40,33
2005-01-03,53,49,45
2005-01-04,48,44,41
2005-01-05,45,40,34
2005-01-06,41,37,33
2005-01-07,41,38,35
2005-01-08,41,38,35
2005-01-09,39,36,32
2005-01-10,48,44,39
2005-01-11,39,37,35
2005-01-12,41,38,36
2005-01-13,53,46,39
2005-01-14,55,45,34
2005-01-15,39,30,27
2005-01-16,30,29,28
2005-01-17,28,24,18
2005-01-18,18,14,9
2005-01-19,27,18,9
2005-01-20,30,26,21
2005-01-21,19,14,10
2005-01-22,28,17,6
2005-01-23,25,18,8
2005-01-24,21,14,6
2005-01-25,33,26,19
2005-01-26,37,28,18
2005-01-27,17,13,9
2005-01-28,21,14,6
2005-01-29,30,21,12
2005-01-30,37,30,24
2005-01-31,35,30,24
2006-01-01,42,36,30
2006-01-02,45,40,34
2006-01-03,42,38,34
2006-01-04,39,34,28
2006-01-05,51,43,35
2006-01-06,41,35,29
2006-01-07,34,29,24
2006-01-08,45,39,33
2006-01-09,58,50,41
2006-01-10,49,43,37
2006-01-11,53,44,35
2006-01-12,54,47,40
2006-01-13,52,45,38
2006-01-14,55,44,33
2006-01-15,33,24,14
2006-01-16,31,23,14
2006-01-17,44,33,21
2006-01-18,57,47,36
2006-01-19,45,39,33
2006-01-20,56,46,36
2006-01-21,61,49,37
2006-01-22,43,36,29
2006-01-23,42,40,37
2006-01-24,43,37,31
2006-01-25,45,39,33
2006-01-26,37,31,25
2006-01-27,41,32,22
2006-01-28,55,44,32
2006-01-29,47,41,34
2006-01-30,62,51,39
2006-01-31,42,40,38
2007-01-01,55,50,45
2007-01-02,52,44,36
2007-01-03,51,42,32
2007-01-04,53,45,37
2007-01-05,56,51,46
2007-01-06,71,61,51
2007-01-07,56,50,44
2007-01-08,55,47,38
2007-01-09,45,40,34
2007-01-10,36,33,29
2007-01-11,38,32,26
2007-01-12,50,45,39
2007-01-13,56,49,41
2007-01-14,47,45,43
2007-01-15,52,47,41
2007-01-16,56,40,23
2007-01-17,30,25,19
2007-01-18,37,30,22
2007-01-19,44,38,32
2007-01-20,34,28,22
2007-01-21,30,25,19
2007-01-22,33,29,25
2007-01-23,37,33,29
2007-01-24,42,36,30
2007-01-25,36,26,16
2007-01-26,24,17,9
2007-01-27,39,30,21
2007-01-28,42,37,31
2007-01-29,31,27,23
2007-01-30,36,29,22
2007-01-31,34,30,26
2008-01-01,48,39,29
2008-01-02,37,27,17
2008-01-03,22,18,14
2008-01-04,37,26,14
2008-01-05,40,33,26
2008-01-06,44,39,34
2008-01-07,53,45,37
2008-01-08,54,48,41
2008-01-09,65,55,44
2008-01-10,50,45,39
2008-01-11,53,47,41
2008-01-12,50,45,39
2008-01-13,47,39,31
2008-01-14,40,37,33
2008-01-15,41,37,33
2008-01-16,40,34,27
2008-01-17,40,33,25
2008-01-18,49,43,37
2008-01-19,37,35,32
2008-01-20,35,27,18
2008-01-21,26,21,15
2008-01-22,38,30,21
2008-01-23,41,36,30
2008-01-24,34,29,23
2008-01-25,34,28,21
2008-01-26,32,29,25
2008-01-27,40,35,30
2008-01-28,43,36,28
2008-01-29,42,34,25
2008-01-30,47,40,33
2008-01-31,39,34,28
2009-01-01,28,22,16
2009-01-02,37,30,23
2009-01-03,41,36,30
2009-01-04,44,35,26
2009-01-05,45,41,37
2009-01-06,39,36,32
2009-01-07,40,37,33
2009-01-08,41,36,30
2009-01-09,36,32,27
2009-01-10,32,28,24
2009-01-11,35,30,25
2009-01-12,34,28,21
2009-01-13,40,33,25
2009-01-14,37,28,18
2009-01-15,24,19,14
2009-01-16,19,15,11
2009-01-17,23,15,7
2009-01-18,33,28,23
2009-01-19,32,26,20
2009-01-20,29,25,21
2009-01-21,27,22,17
2009-01-22,37,29,21
2009-01-23,42,34,25
2009-01-24,44,31,17
2009-01-25,29,22,15
2009-01-26,29,25,20
2009-01-27,31,29,27
2009-01-28,42,34,25
2009-01-29,37,33,28
2009-01-30,36,31,25
2009-01-31,30,26,22
2010-01-01,41,37,32
2010-01-02,33,25,17
2010-01-03,24,21,18
2010-01-04,32,26,20
2010-01-05,32,27,21
2010-01-06,36,31,26
2010-01-07,40,35,29
2010-01-08,33,28,23
2010-01-09,32,26,19
2010-01-10,30,22,14
2010-01-11,32,27,21
2010-01-12,37,31,24
2010-01-13,36,30,24
2010-01-14,39,32,25
2010-01-15,50,39,27
2010-01-16,49,41,33
2010-01-17,42,37,31
2010-01-18,50,43,36
2010-01-19,46,40,33
2010-01-20,44,39,33
2010-01-21,43,36,29
2010-01-22,45,39,32
2010-01-23,42,34,26
2010-01-24,49,38,27
2010-01-25,53,49,45
2010-01-26,47,41,35
2010-01-27,42,36,30
2010-01-28,43,32,20
2010-01-29,25,21,16
2010-01-30,20,17,14
2010-01-31,30,23,15
2011-01-01,43,38,33
2011-01-02,49,43,36
2011-01-03,36,32,28
2011-01-04,38,33,28
2011-01-05,40,34,28
2011-01-06,34,29,23
2011-01-07,36,31,25
2011-01-08,32,26,20
2011-01-09,33,30,27
2011-01-10,36,31,25
2011-01-11,32,28,23
2011-01-12,32,28,24
2011-01-13,31,25,18
2011-01-14,30,23,15
2011-01-15,36,29,21
2011-01-16,36,31,26
2011-01-17,27,24,20
2011-01-18,45,35,24
2011-01-19,42,38,34
2011-01-20,36,33,30
2011-01-21,34,27,19
2011-01-22,25,20,14
2011-01-23,25,19,12
2011-01-24,25,16,6
2011-01-25,35,30,24
2011-01-26,34,30,25
2011-01-27,37,32,26
2011-01-28,35,29,23
2011-01-29,34,29,23
2011-01-30,39,32,24
2011-01-31,32,26,20
2012-01-01,50,44,38
2012-01-02,50,42,33
2012-01-03,33,25,16
2012-01-04,29,21,13
2012-01-05,42,34,26
2012-01-06,54,43,32
2012-01-07,61,49,36
2012-01-08,48,41,33
2012-01-09,39,34,29
2012-01-10,48,39,30
2012-01-11,47,39,31
2012-01-12,49,46,42
2012-01-13,50,40,29
2012-01-14,34,31,27
2012-01-15,28,22,16
2012-01-16,39,27,14
2012-01-17,50,44,37
2012-01-18,53,39,24
2012-01-19,38,28,18
2012-01-20,37,32,27
2012-01-21,29,26,23
2012-01-22,34,26,18
2012-01-23,51,42,33
2012-01-24,54,47,40
2012-01-25,46,42,37
2012-01-26,44,39,34
2012-01-27,58,51,44
2012-01-28,46,42,37
2012-01-29,44,39,33
2012-01-30,41,38,34
2012-01-31,57,47,37
2013-01-01,41,34,27
2013-01-02,35,29,23
2013-01-03,33,29,25
2013-01-04,39,35,30
2013-01-05,45,39,32
2013-01-06,45,39,33
2013-01-07,47,39,30
2013-01-08,49,40,30
2013-01-09,48,41,33
2013-01-10,50,44,37
2013-01-11,47,40,33
2013-01-12,49,46,43
2013-01-13,47,45,42
2013-01-14,58,49,39
2013-01-15,39,37,35
2013-01-16,38,36,33
2013-01-17,46,41,36
2013-01-18,36,31,25
2013-01-19,52,42,31
2013-01-20,56,44,31
2013-01-21,33,30,26
2013-01-22,28,21,14
2013-01-23,21,17,12
2013-01-24,26,20,13
2013-01-25,24,19,14
2013-01-26,27,21,14
2013-01-27,35,27,18
2013-01-28,35,30,24
2013-01-29,48,41,34
2013-01-30,52,47,41
2013-01-31,56,43,30
2014-01-01,34,29,24
2014-01-02,33,26,19
2014-01-03,19,14,9
2014-01-04,31,17,3
2014-01-05,49,36,23
2014-01-06,53,37,20
2014-01-07,20,13,6
2014-01-08,24,17,10
2014-01-09,34,28,22
2014-01-10,38,31,24
2014-01-11,54,46,38
2014-01-12,52,43,33
2014-01-13,50,40,30
2014-01-14,48,46,43
2014-01-15,44,38,32
2014-01-16,42,39,35
2014-01-17,45,37,28
2014-01-18,42,35,28
2014-01-19,38,32,26
2014-01-20,48,41,33
2014-01-21,33,23,13
2014-01-22,18,13,7
2014-01-23,21,15,8
2014-01-24,20,16,11
2014-01-25,30,25,20
2014-01-26,36,27,18
2014-01-27,45,34,22
2014-01-28,22,18,14
2014-01-29,24,20,16
2014-01-30,28,21,14
2014-01-31,43,34,25
2015-01-01,40,34,28
2015-01-02,45,40,35
2015-01-03,47,39,30
2015-01-04,55,49,43
2015-01-05,51,37,23
2015-01-06,23,21,19
2015-01-07,25,18,10
2015-01-08,22,15,8
2015-01-09,34,28,21
2015-01-10,24,21,18
2015-01-11,38,29,20
2015-01-12,40,37,34
2015-01-13,37,28,19
2015-01-14,33,26,19
2015-01-15,35,31,27
2015-01-16,45,33,20
2015-01-17,32,25,18
2015-01-18,47,37,27
2015-01-19,45,40,35
2015-01-20,41,37,32
2015-01-21,38,32,26
2015-01-22,41,36,31
2015-01-23,39,34,28
2015-01-24,40,37,33
2015-01-25,45,39,32
2015-01-26,32,28,24
2015-01-27,27,24,20
2015-01-28,33,25,17
2015-01-29,37,27,17
2015-01-30,38,29,19
2015-01-31,27,21,14
2016-01-01,43,40.1,36
2016-01-02,41,37.2,35
2016-01-03,46,40.6,36
2016-01-04,38,28.3,16
2016-01-05,30,22.1,14
2016-01-06,42,34.3,27
2016-01-07,47,40.7,33
2016-01-08,46,40.8,35
2016-01-09,47,44.4,41
2016-01-10,59,52.1,42
2016-01-11,40,33.2,28
2016-01-12,44,34.5,27
2016-01-13,31,26.5,24
2016-01-14,39,31.8,24
2016-01-15,50,42.9,35
2016-01-16,51,45.5,42
2016-01-17,43,34.6,30
2016-01-18,33,26.2,20
2016-01-19,30,24.7,19
2016-01-20,37,33.3,30
2016-01-21,37,31.8,28
2016-01-22,30,26.9,23
2016-01-23,28,27.4,25
2016-01-24,36,29.7,24
2016-01-25,38,34.3,30
2016-01-26,48,42.9,36
2016-01-27,47,42.5,36
2016-01-28,43,38.3,32
2016-01-29,41,38.3,32
2016-01-30,40,35,30
2016-01-31,55,44.4,37
2017-01-01,49,45.6,39
2017-01-02,42,40.1,38
2017-01-03,46,43.4,40
2017-01-04,54,45.8,36
2017-01-05,35,31.9,29
2017-01-06,34,30.9,28
2017-01-07,27,23.4,22
2017-01-08,27,22.2,19
2017-01-09,24,21,17
2017-01-10,47,33,23
2017-01-11,53,47.5,44
2017-01-12,67,57.5,48
2017-01-13,62,46.5,34
2017-01-14,34,31.6,29
2017-01-15,41,35.8,33
2017-01-16,44,38.5,32
2017-01-17,43,40.8,39
2017-01-18,44,41.7,39
2017-01-19,50,44.4,41
2017-01-20,46,42.8,41
2017-01-21,51,46.9,42
2017-01-22,49,45.5,43
2017-01-23,45,41.3,38
2017-01-24,41,39.3,38
2017-01-25,53,44.8,39
2017-01-26,56,49,45
2017-01-27,44,42.4,39
2017-01-28,40,38.3,37
2017-01-29,44,40.5,38
2017-01-30,38,35.2,32
2017-01-31,34,30.6,28
2018-01-01,19,14,8
2018-01-02,26,19.4,14
2018-01-03,30,24.2,18
2018-01-04,29,25,20
2018-01-05,19,14.2,11
2018-01-06,14,10.9,8
2018-01-07,18,12.9,6
2018-01-08,33,26.3,18
2018-01-09,43,36.7,31
2018-01-10,40,35,28
2018-01-11,47,40.1,35
2018-01-12,60,51.5,38
2018-01-13,52,36.4,20
2018-01-14,23,19,16
2018-01-15,29,23.3,17
2018-01-16,34,29.7,25
2018-01-17,36,32.7,23
2018-01-18,33,26.6,21
2018-01-19,39,33.9,26
2018-01-20,54,45.5,38
2018-01-21,52,46.3,43
2018-01-22,43,39.1,37
2018-01-23,59,47,36
2018-01-24,45,38.6,28
2018-01-25,35,29.5,24
2018-01-26,38,33,28
2018-01-27,56,46.2,36
2018-01-28,54,48.8,42
2018-01-29,43,40.4,35
2018-01-30,37,32,26
2018-01-31,33,27.3,19
2019-01-01,60,51,41
2019-01-02,41,37.7,35
2019-01-03,45,41.9,39
2019-01-04,47,42.4,37
2019-01-05,47,43.9,42
2019-01-06,49,42.6,32
2019-01-07,35,29.8,26
2019-01-08,46,42.6,36
2019-01-09,46,42.5,35
2019-01-10,35,32.9,30
2019-01-11,31,26.6,22
2019-01-12,34,28.1,22
2019-01-13,33,29.2,25
2019-01-14,33,27.7,22
2019-01-15,35,30.8,26
2019-01-16,40,35.4,31
2019-01-17,33,29.7,26
2019-01-18,40,34,28
2019-01-19,37,35.3,33
2019-01-20,40,33.3,16
2019-01-21,15,11.6,6
2019-01-22,31,23.4,14
2019-01-23,46,37.8,30
2019-01-24,57,50,35
2019-01-25,39,35.4,29
2019-01-26,34,30.1,25
2019-01-27,49,40,30
2019-01-28,38,29.3,25
2019-01-29,44,35.4,26
2019-01-30,35,23.6,7
2019-01-31,16,10.5,4
2020-01-01,40,38.1,36
2020-01-02,49,42.1,34
2020-01-03,49,46.7,45
2020-01-04,49,46.1,41
2020-01-05,40,38.2,36
2020-01-06,44,37.8,32
2020-01-07,43,39.5,35
2020-01-08,42,35,29
2020-01-09,33,29.2,24
2020-01-10,53,44.3,33
2020-01-11,64,55.4,50
2020-01-12,67,59.1,44
2020-01-13,44,41.5,37
2020-01-14,43,40.5,39
2020-01-15,50,45.3,42
2020-01-16,50,43.1,34
2020-01-17,33,26.3,21
2020-01-18,37,27.1,20
2020-01-19,43,37.7,28
2020-01-20,31,25.8,21
2020-01-21,32,26.8,21
2020-01-22,38,32.5,27
2020-01-23,46,39.5,31
2020-01-24,46,39.8,33
2020-01-25,51,42.3,37
2020-01-26,45,41.8,39
2020-01-27,44,40.5,38
2020-01-28,41,38.9,37
2020-01-29,40,35,31
2020-01-30,35,30.7,25
2020-01-31,43,37.6,33
2021-01-01,41,38,35
2021-01-02,52,43.3,38
2021-01-03,39,38,36
2021-01-04,44,39.8,37
2021-01-05,42,40.3,39
2021-01-06,42,38.9,37
2021-01-07,43,37.1,33
2021-01-08,39,33.9,31
2021-01-09,37,33.5,28
2021-01-10,43,36.2,32
2021-01-11,38,34.3,31
2021-01-12,45,39.4,36
2021-01-13,44,40.8,37
2021-01-14,50,44.1,40
2021-01-15,47,42.5,38
2021-01-16,48,43.9,40
2021-01-17,46,42.5,38
2021-01-18,46,42.9,40
2021-01-19,43,39.4,38
